-- phpMyAdmin SQL Dump
-- version 4.8.4
-- https://www.phpmyadmin.net/
--
-- Host: 127.0.0.1
-- Generation Time: Feb 06, 2019 at 03:36 PM
-- Server version: 10.1.37-MariaDB
-- PHP Version: 5.6.40

SET SQL_MODE = "NO_AUTO_VALUE_ON_ZERO";
SET AUTOCOMMIT = 0;
START TRANSACTION;
SET time_zone = "+00:00";


/*!40101 SET @OLD_CHARACTER_SET_CLIENT=@@CHARACTER_SET_CLIENT */;
/*!40101 SET @OLD_CHARACTER_SET_RESULTS=@@CHARACTER_SET_RESULTS */;
/*!40101 SET @OLD_COLLATION_CONNECTION=@@COLLATION_CONNECTION */;
/*!40101 SET NAMES utf8mb4 */;

--
-- Database: `university_management`
--

-- --------------------------------------------------------

--
-- Table structure for table `admin`
--

CREATE TABLE `admin` (
  `id` int(11) NOT NULL,
  `username` varchar(255) NOT NULL,
  `password` varchar(255) NOT NULL,
  `creationDate` timestamp NOT NULL DEFAULT CURRENT_TIMESTAMP,
  `updationDate` varchar(255) NOT NULL
) ENGINE=InnoDB DEFAULT CHARSET=latin1;

--
-- Dumping data for table `admin`
--

INSERT INTO `admin` (`id`, `username`, `password`, `creationDate`, `updationDate`) VALUES
(1, 'admin', '4a7d1ed414474e4033ac29ccb8653d9b', '2017-01-24 16:21:18', '31-01-2019 04:30:59 PM');

-- --------------------------------------------------------

--
-- Table structure for table `course`
--

CREATE TABLE `course` (
  `id` int(11) NOT NULL,
  `courseCode` varchar(255) NOT NULL,
  `courseName` varchar(255) NOT NULL,
  `courseUnit` varchar(255) NOT NULL,
  `noofSeats` int(11) NOT NULL,
  `creationDate` timestamp NOT NULL DEFAULT CURRENT_TIMESTAMP,
  `updationDate` varchar(255) NOT NULL
) ENGINE=InnoDB DEFAULT CHARSET=latin1;

--
-- Dumping data for table `course`
--

INSERT INTO `course` (`id`, `courseCode`, `courseName`, `courseUnit`, `noofSeats`, `creationDate`, `updationDate`) VALUES
(5, 'SSDM01', 'Software Systems Development and Management', '1-5', 1, '2019-01-31 11:03:31', ''),
(6, 'HCI02', 'Human Computer Interaction', '1-6', 20, '2019-01-31 11:03:41', ''),
(7, 'DWS04', 'Dynamic Web Solutions', '1-8', 30, '2019-01-31 11:04:04', ''),
(8, 'Test03', 'Test Course', '2-4', 5, '2019-02-06 14:33:10', '');

-- --------------------------------------------------------

--
-- Table structure for table `courseenrolls`
--

CREATE TABLE `courseenrolls` (
  `id` int(11) NOT NULL,
  `studentRegno` varchar(255) NOT NULL,
  `pincode` varchar(255) NOT NULL,
  `session` int(11) NOT NULL,
  `department` int(11) NOT NULL,
  `level` int(11) NOT NULL,
  `semester` int(11) NOT NULL,
  `course` int(11) NOT NULL,
  `enrollDate` timestamp NOT NULL DEFAULT CURRENT_TIMESTAMP
) ENGINE=InnoDB DEFAULT CHARSET=latin1;

--
-- Dumping data for table `courseenrolls`
--

INSERT INTO `courseenrolls` (`id`, `studentRegno`, `pincode`, `session`, `department`, `level`, `semester`, `course`, `enrollDate`) VALUES
(8, '123456', '814660', 5, 9, 8, 8, 5, '2019-01-31 11:14:51'),
(9, '123456', '814660', 7, 10, 9, 7, 6, '2019-01-31 11:15:13'),
(10, '123456', '814660', 6, 11, 8, 8, 7, '2019-02-06 14:12:40'),
(11, '1234', '240295', 7, 10, 8, 8, 8, '2019-02-06 14:35:29');

-- --------------------------------------------------------

--
-- Table structure for table `department`
--

CREATE TABLE `department` (
  `id` int(11) NOT NULL,
  `department` varchar(255) NOT NULL,
  `creationDate` timestamp NOT NULL DEFAULT CURRENT_TIMESTAMP
) ENGINE=InnoDB DEFAULT CHARSET=latin1;

--
-- Dumping data for table `department`
--

INSERT INTO `department` (`id`, `department`, `creationDate`) VALUES
(8, 'Psychology', '2019-01-31 11:02:55'),
(9, 'Electrical engineering', '2019-01-31 11:02:57'),
(10, 'Computer Science', '2019-01-31 11:03:00'),
(11, 'Information engineering', '2019-01-31 11:03:03');

-- --------------------------------------------------------

--
-- Table structure for table `level`
--

CREATE TABLE `level` (
  `id` int(11) NOT NULL,
  `level` varchar(255) NOT NULL,
  `creationDate` timestamp NOT NULL DEFAULT CURRENT_TIMESTAMP
) ENGINE=InnoDB DEFAULT CHARSET=latin1;

--
-- Dumping data for table `level`
--

INSERT INTO `level` (`id`, `level`, `creationDate`) VALUES
(8, 'Level 1', '2019-01-31 11:02:36'),
(9, 'Level 2', '2019-01-31 11:02:40');

-- --------------------------------------------------------

--
-- Table structure for table `semester`
--

CREATE TABLE `semester` (
  `id` int(11) NOT NULL,
  `semester` varchar(255) NOT NULL,
  `creationDate` timestamp NOT NULL DEFAULT CURRENT_TIMESTAMP,
  `updationDate` varchar(255) NOT NULL
) ENGINE=InnoDB DEFAULT CHARSET=latin1;

--
-- Dumping data for table `semester`
--

INSERT INTO `semester` (`id`, `semester`, `creationDate`, `updationDate`) VALUES
(7, 'Winter', '2019-01-31 11:02:11', ''),
(8, 'Summer', '2019-01-31 11:02:13', '');

-- --------------------------------------------------------

--
-- Table structure for table `session`
--

CREATE TABLE `session` (
  `id` int(11) NOT NULL,
  `session` varchar(255) NOT NULL,
  `creationDate` timestamp NOT NULL DEFAULT CURRENT_TIMESTAMP
) ENGINE=InnoDB DEFAULT CHARSET=latin1;

--
-- Dumping data for table `session`
--

INSERT INTO `session` (`id`, `session`, `creationDate`) VALUES
(5, '2017', '2019-01-31 11:11:33'),
(6, '2018', '2019-01-31 11:11:35'),
(7, '2019', '2019-01-31 11:11:38');

-- --------------------------------------------------------

--
-- Table structure for table `students`
--

CREATE TABLE `students` (
  `StudentRegno` varchar(255) NOT NULL,
  `studentPhoto` varchar(255) DEFAULT NULL,
  `password` varchar(255) NOT NULL,
  `studentName` varchar(255) NOT NULL,
  `pincode` varchar(255) NOT NULL,
  `session` varchar(255) NOT NULL,
  `department` varchar(255) NOT NULL,
  `semester` varchar(255) NOT NULL,
  `cgpa` decimal(10,2) NOT NULL,
  `creationdate` timestamp NOT NULL DEFAULT CURRENT_TIMESTAMP,
  `updationDate` varchar(255) NOT NULL
) ENGINE=InnoDB DEFAULT CHARSET=latin1;

--
-- Dumping data for table `students`
--

INSERT INTO `students` (`StudentRegno`, `studentPhoto`, `password`, `studentName`, `pincode`, `session`, `department`, `semester`, `cgpa`, `creationdate`, `updationDate`) VALUES
('1234', 'avatar-1.jpg.png', '81dc9bdb52d04dc20036dbd8313ed055', 'Test Student', '240295', '', '', '', '8.40', '2019-02-06 14:34:03', ''),
('123456', 'profile.jpg', '4a7d1ed414474e4033ac29ccb8653d9b', 'Batuhan Saygin', '814660', '', '', '', '0.00', '2019-01-31 11:04:22', '31-01-2019 04:51:00 PM');

--
-- Indexes for dumped tables
--

--
-- Indexes for table `admin`
--
ALTER TABLE `admin`
  ADD PRIMARY KEY (`id`);

--
-- Indexes for table `course`
--
ALTER TABLE `course`
  ADD PRIMARY KEY (`id`);

--
-- Indexes for table `courseenrolls`
--
ALTER TABLE `courseenrolls`
  ADD PRIMARY KEY (`id`);

--
-- Indexes for table `department`
--
ALTER TABLE `department`
  ADD PRIMARY KEY (`id`);

--
-- Indexes for table `level`
--
ALTER TABLE `level`
  ADD PRIMARY KEY (`id`);

--
-- Indexes for table `semester`
--
ALTER TABLE `semester`
  ADD PRIMARY KEY (`id`);

--
-- Indexes for table `session`
--
ALTER TABLE `session`
  ADD PRIMARY KEY (`id`);

--
-- Indexes for table `students`
--
ALTER TABLE `students`
  ADD PRIMARY KEY (`StudentRegno`);

--
-- AUTO_INCREMENT for dumped tables
--

--
-- AUTO_INCREMENT for table `admin`
--
ALTER TABLE `admin`
  MODIFY `id` int(11) NOT NULL AUTO_INCREMENT, AUTO_INCREMENT=2;

--
-- AUTO_INCREMENT for table `course`
--
ALTER TABLE `course`
  MODIFY `id` int(11) NOT NULL AUTO_INCREMENT, AUTO_INCREMENT=9;

--
-- AUTO_INCREMENT for table `courseenrolls`
--
ALTER TABLE `courseenrolls`
  MODIFY `id` int(11) NOT NULL AUTO_INCREMENT, AUTO_INCREMENT=12;

--
-- AUTO_INCREMENT for table `department`
--
ALTER TABLE `department`
  MODIFY `id` int(11) NOT NULL AUTO_INCREMENT, AUTO_INCREMENT=12;

--
-- AUTO_INCREMENT for table `level`
--
ALTER TABLE `level`
  MODIFY `id` int(11) NOT NULL AUTO_INCREMENT, AUTO_INCREMENT=10;

--
-- AUTO_INCREMENT for table `semester`
--
ALTER TABLE `semester`
  MODIFY `id` int(11) NOT NULL AUTO_INCREMENT, AUTO_INCREMENT=9;

--
-- AUTO_INCREMENT for table `session`
--
ALTER TABLE `session`
  MODIFY `id` int(11) NOT NULL AUTO_INCREMENT, AUTO_INCREMENT=8;
COMMIT;

/*!40101 SET CHARACTER_SET_CLIENT=@OLD_CHARACTER_SET_CLIENT */;
/*!40101 SET CHARACTER_SET_RESULTS=@OLD_CHARACTER_SET_RESULTS */;
/*!40101 SET COLLATION_CONNECTION=@OLD_COLLATION_CONNECTION */;
